genome,secondary_cluster,threshold,cluster_method,comparison_algorithm,primary_cluster
ruminal_MAG_123.fa,1_0,0.050000000000000044,average,fastANI,1
ruminal_MAG_496.fa,2_0,0.050000000000000044,average,fastANI,2
fecal_MAG_67.fa,3_0,0.050000000000000044,average,fastANI,3
ruminal_MAG_165.fa,4_0,0.050000000000000044,average,fastANI,4
ruminal_MAG_27.fa,5_0,0.050000000000000044,average,fastANI,5
ruminal_MAG_381.fa,6_0,0.050000000000000044,average,fastANI,6
ruminal_MAG_435.fa,7_0,0.050000000000000044,average,fastANI,7
fecal_MAG_466.fa,8_0,0.050000000000000044,average,fastANI,8
fecal_MAG_472.fa,9_0,0.050000000000000044,average,fastANI,9
fecal_MAG_20.fa,10_0,0.050000000000000044,average,fastANI,10
ruminal_MAG_323.fa,11_0,0.050000000000000044,average,fastANI,11
ruminal_MAG_244.fa,12_0,0.050000000000000044,average,fastANI,12
ruminal_MAG_253.fa,13_0,0.050000000000000044,average,fastANI,13
ruminal_MAG_71.fa,14_0,0.050000000000000044,average,fastANI,14
fecal_MAG_391.fa,15_0,0.050000000000000044,average,fastANI,15
fecal_MAG_396.fa,16_0,0.050000000000000044,average,fastANI,16
fecal_MAG_461.fa,17_0,0.050000000000000044,average,fastANI,17
fecal_MAG_444.fa,18_0,0.050000000000000044,average,fastANI,18
fecal_MAG_473.fa,19_0,0.050000000000000044,average,fastANI,19
fecal_MAG_162.fa,20_1,0.050000000000000044,average,fastANI,20
fecal_MAG_382.fa,20_1,0.050000000000000044,average,fastANI,20
fecal_MAG_218.fa,21_0,0.050000000000000044,average,fastANI,21
fecal_MAG_151.fa,22_0,0.050000000000000044,average,fastANI,22
fecal_MAG_207.fa,23_0,0.050000000000000044,average,fastANI,23
fecal_MAG_130.fa,24_0,0.050000000000000044,average,fastANI,24
fecal_MAG_421.fa,25_0,0.050000000000000044,average,fastANI,25
fecal_MAG_453.fa,26_0,0.050000000000000044,average,fastANI,26
fecal_MAG_454.fa,27_0,0.050000000000000044,average,fastANI,27
fecal_MAG_374.fa,28_0,0.050000000000000044,average,fastANI,28
fecal_MAG_50.fa,29_0,0.050000000000000044,average,fastANI,29
fecal_MAG_441.fa,30_0,0.050000000000000044,average,fastANI,30
fecal_MAG_287.fa,31_0,0.050000000000000044,average,fastANI,31
fecal_MAG_320.fa,32_0,0.050000000000000044,average,fastANI,32
fecal_MAG_181.fa,33_0,0.050000000000000044,average,fastANI,33
fecal_MAG_225.fa,34_0,0.050000000000000044,average,fastANI,34
ruminal_MAG_344.fa,35_1,0.050000000000000044,average,fastANI,35
ruminal_MAG_458.fa,35_1,0.050000000000000044,average,fastANI,35
fecal_MAG_121.fa,36_1,0.050000000000000044,average,fastANI,36
ruminal_MAG_4.fa,36_1,0.050000000000000044,average,fastANI,36
ruminal_MAG_45.fa,36_1,0.050000000000000044,average,fastANI,36
ruminal_MAG_216.fa,37_0,0.050000000000000044,average,fastANI,37
ruminal_MAG_230.fa,38_0,0.050000000000000044,average,fastANI,38
ruminal_MAG_185.fa,39_0,0.050000000000000044,average,fastANI,39
fecal_MAG_324.fa,40_0,0.050000000000000044,average,fastANI,40
ruminal_MAG_116.fa,41_0,0.050000000000000044,average,fastANI,41
ruminal_MAG_397.fa,42_0,0.050000000000000044,average,fastANI,42
ruminal_MAG_191.fa,43_0,0.050000000000000044,average,fastANI,43
ruminal_MAG_378.fa,44_0,0.050000000000000044,average,fastANI,44
ruminal_MAG_16.fa,45_1,0.050000000000000044,average,fastANI,45
ruminal_MAG_58.fa,45_1,0.050000000000000044,average,fastANI,45
ruminal_MAG_226.fa,45_2,0.050000000000000044,average,fastANI,45
ruminal_MAG_87.fa,45_2,0.050000000000000044,average,fastANI,45
ruminal_MAG_5.fa,45_3,0.050000000000000044,average,fastANI,45
ruminal_MAG_131.fa,46_0,0.050000000000000044,average,fastANI,46
ruminal_MAG_52.fa,47_0,0.050000000000000044,average,fastANI,47
ruminal_MAG_265.fa,48_1,0.050000000000000044,average,fastANI,48
ruminal_MAG_463.fa,48_1,0.050000000000000044,average,fastANI,48
ruminal_MAG_317.fa,49_0,0.050000000000000044,average,fastANI,49
ruminal_MAG_143.fa,50_0,0.050000000000000044,average,fastANI,50
ruminal_MAG_109.fa,51_1,0.050000000000000044,average,fastANI,51
ruminal_MAG_6.fa,51_1,0.050000000000000044,average,fastANI,51
ruminal_MAG_417.fa,52_0,0.050000000000000044,average,fastANI,52
fecal_MAG_146.fa,53_1,0.050000000000000044,average,fastANI,53
fecal_MAG_178.fa,53_1,0.050000000000000044,average,fastANI,53
fecal_MAG_243.fa,53_1,0.050000000000000044,average,fastANI,53
fecal_MAG_328.fa,53_1,0.050000000000000044,average,fastANI,53
fecal_MAG_138.fa,54_0,0.050000000000000044,average,fastANI,54
ruminal_MAG_285.fa,55_1,0.050000000000000044,average,fastANI,55
ruminal_MAG_356.fa,55_1,0.050000000000000044,average,fastANI,55
ruminal_MAG_364.fa,55_1,0.050000000000000044,average,fastANI,55
fecal_MAG_16.fa,56_1,0.050000000000000044,average,fastANI,56
fecal_MAG_407.fa,56_2,0.050000000000000044,average,fastANI,56
fecal_MAG_122.fa,57_1,0.050000000000000044,average,fastANI,57
fecal_MAG_2.fa,57_1,0.050000000000000044,average,fastANI,57
fecal_MAG_298.fa,58_0,0.050000000000000044,average,fastANI,58
ruminal_MAG_138.fa,59_1,0.050000000000000044,average,fastANI,59
ruminal_MAG_162.fa,59_1,0.050000000000000044,average,fastANI,59
ruminal_MAG_248.fa,59_1,0.050000000000000044,average,fastANI,59
ruminal_MAG_314.fa,59_1,0.050000000000000044,average,fastANI,59
ruminal_MAG_34.fa,59_1,0.050000000000000044,average,fastANI,59
ruminal_MAG_343.fa,59_1,0.050000000000000044,average,fastANI,59
ruminal_MAG_442.fa,59_1,0.050000000000000044,average,fastANI,59
ruminal_MAG_492.fa,59_1,0.050000000000000044,average,fastANI,59
ruminal_MAG_83.fa,59_1,0.050000000000000044,average,fastANI,59
fecal_MAG_475.fa,60_0,0.050000000000000044,average,fastANI,60
fecal_MAG_234.fa,61_1,0.050000000000000044,average,fastANI,61
ruminal_MAG_440.fa,61_1,0.050000000000000044,average,fastANI,61
fecal_MAG_34.fa,62_1,0.050000000000000044,average,fastANI,62
fecal_MAG_443.fa,62_1,0.050000000000000044,average,fastANI,62
ruminal_MAG_179.fa,62_1,0.050000000000000044,average,fastANI,62
ruminal_MAG_274.fa,62_1,0.050000000000000044,average,fastANI,62
ruminal_MAG_337.fa,62_2,0.050000000000000044,average,fastANI,62
ruminal_MAG_394.fa,63_1,0.050000000000000044,average,fastANI,63
ruminal_MAG_86.fa,63_2,0.050000000000000044,average,fastANI,63
ruminal_MAG_331.fa,64_0,0.050000000000000044,average,fastANI,64
ruminal_MAG_59.fa,65_0,0.050000000000000044,average,fastANI,65
fecal_MAG_216.fa,66_0,0.050000000000000044,average,fastANI,66
ruminal_MAG_198.fa,67_1,0.050000000000000044,average,fastANI,67
ruminal_MAG_25.fa,67_1,0.050000000000000044,average,fastANI,67
ruminal_MAG_278.fa,68_0,0.050000000000000044,average,fastANI,68
ruminal_MAG_181.fa,69_1,0.050000000000000044,average,fastANI,69
ruminal_MAG_219.fa,69_1,0.050000000000000044,average,fastANI,69
fecal_MAG_174.fa,70_1,0.050000000000000044,average,fastANI,70
ruminal_MAG_144.fa,70_1,0.050000000000000044,average,fastANI,70
ruminal_MAG_234.fa,70_1,0.050000000000000044,average,fastANI,70
ruminal_MAG_351.fa,70_1,0.050000000000000044,average,fastANI,70
ruminal_MAG_172.fa,70_2,0.050000000000000044,average,fastANI,70
fecal_MAG_158.fa,71_1,0.050000000000000044,average,fastANI,71
fecal_MAG_3.fa,71_1,0.050000000000000044,average,fastANI,71
fecal_MAG_341.fa,71_1,0.050000000000000044,average,fastANI,71
fecal_MAG_440.fa,71_1,0.050000000000000044,average,fastANI,71
fecal_MAG_447.fa,71_1,0.050000000000000044,average,fastANI,71
fecal_MAG_60.fa,71_1,0.050000000000000044,average,fastANI,71
ruminal_MAG_12.fa,71_1,0.050000000000000044,average,fastANI,71
ruminal_MAG_318.fa,71_1,0.050000000000000044,average,fastANI,71
ruminal_MAG_205.fa,72_0,0.050000000000000044,average,fastANI,72
ruminal_MAG_465.fa,73_0,0.050000000000000044,average,fastANI,73
fecal_MAG_398.fa,74_0,0.050000000000000044,average,fastANI,74
fecal_MAG_460.fa,75_0,0.050000000000000044,average,fastANI,75
fecal_MAG_474.fa,76_0,0.050000000000000044,average,fastANI,76
fecal_MAG_309.fa,77_0,0.050000000000000044,average,fastANI,77
ruminal_MAG_100.fa,78_0,0.050000000000000044,average,fastANI,78
ruminal_MAG_173.fa,79_0,0.050000000000000044,average,fastANI,79
ruminal_MAG_447.fa,80_0,0.050000000000000044,average,fastANI,80
fecal_MAG_329.fa,81_0,0.050000000000000044,average,fastANI,81
fecal_MAG_468.fa,82_0,0.050000000000000044,average,fastANI,82
ruminal_MAG_373.fa,83_0,0.050000000000000044,average,fastANI,83
ruminal_MAG_133.fa,84_0,0.050000000000000044,average,fastANI,84
ruminal_MAG_237.fa,85_0,0.050000000000000044,average,fastANI,85
fecal_MAG_317.fa,86_1,0.050000000000000044,average,fastANI,86
fecal_MAG_446.fa,86_1,0.050000000000000044,average,fastANI,86
ruminal_MAG_464.fa,87_0,0.050000000000000044,average,fastANI,87
ruminal_MAG_422.fa,88_0,0.050000000000000044,average,fastANI,88
fecal_MAG_191.fa,89_0,0.050000000000000044,average,fastANI,89
fecal_MAG_478.fa,90_0,0.050000000000000044,average,fastANI,90
ruminal_MAG_468.fa,91_0,0.050000000000000044,average,fastANI,91
fecal_MAG_400.fa,92_1,0.050000000000000044,average,fastANI,92
ruminal_MAG_66.fa,92_1,0.050000000000000044,average,fastANI,92
fecal_MAG_167.fa,93_1,0.050000000000000044,average,fastANI,93
fecal_MAG_267.fa,93_1,0.050000000000000044,average,fastANI,93
fecal_MAG_323.fa,93_1,0.050000000000000044,average,fastANI,93
fecal_MAG_137.fa,94_1,0.050000000000000044,average,fastANI,94
fecal_MAG_155.fa,94_1,0.050000000000000044,average,fastANI,94
fecal_MAG_188.fa,94_1,0.050000000000000044,average,fastANI,94
fecal_MAG_227.fa,94_1,0.050000000000000044,average,fastANI,94
fecal_MAG_239.fa,94_1,0.050000000000000044,average,fastANI,94
fecal_MAG_258.fa,94_1,0.050000000000000044,average,fastANI,94
fecal_MAG_274.fa,94_1,0.050000000000000044,average,fastANI,94
fecal_MAG_279.fa,94_1,0.050000000000000044,average,fastANI,94
fecal_MAG_336.fa,94_1,0.050000000000000044,average,fastANI,94
fecal_MAG_345.fa,94_1,0.050000000000000044,average,fastANI,94
fecal_MAG_425.fa,94_1,0.050000000000000044,average,fastANI,94
fecal_MAG_428.fa,94_1,0.050000000000000044,average,fastANI,94
fecal_MAG_436.fa,94_1,0.050000000000000044,average,fastANI,94
fecal_MAG_5.fa,94_1,0.050000000000000044,average,fastANI,94
fecal_MAG_76.fa,94_1,0.050000000000000044,average,fastANI,94
fecal_MAG_80.fa,94_1,0.050000000000000044,average,fastANI,94
fecal_MAG_103.fa,94_2,0.050000000000000044,average,fastANI,94
fecal_MAG_22.fa,94_2,0.050000000000000044,average,fastANI,94
fecal_MAG_229.fa,95_0,0.050000000000000044,average,fastANI,95
fecal_MAG_416.fa,96_1,0.050000000000000044,average,fastANI,96
fecal_MAG_63.fa,96_1,0.050000000000000044,average,fastANI,96
fecal_MAG_255.fa,97_0,0.050000000000000044,average,fastANI,97
ruminal_MAG_168.fa,98_1,0.050000000000000044,average,fastANI,98
ruminal_MAG_428.fa,98_1,0.050000000000000044,average,fastANI,98
ruminal_MAG_18.fa,99_1,0.050000000000000044,average,fastANI,99
ruminal_MAG_96.fa,99_1,0.050000000000000044,average,fastANI,99
fecal_MAG_337.fa,100_1,0.050000000000000044,average,fastANI,100
fecal_MAG_361.fa,100_1,0.050000000000000044,average,fastANI,100
ruminal_MAG_114.fa,100_1,0.050000000000000044,average,fastANI,100
ruminal_MAG_153.fa,100_1,0.050000000000000044,average,fastANI,100
ruminal_MAG_30.fa,100_1,0.050000000000000044,average,fastANI,100
ruminal_MAG_358.fa,100_1,0.050000000000000044,average,fastANI,100
ruminal_MAG_386.fa,100_1,0.050000000000000044,average,fastANI,100
fecal_MAG_23.fa,101_0,0.050000000000000044,average,fastANI,101
fecal_MAG_150.fa,102_1,0.050000000000000044,average,fastANI,102
fecal_MAG_384.fa,102_2,0.050000000000000044,average,fastANI,102
fecal_MAG_187.fa,103_0,0.050000000000000044,average,fastANI,103
ruminal_MAG_490.fa,104_0,0.050000000000000044,average,fastANI,104
ruminal_MAG_149.fa,105_0,0.050000000000000044,average,fastANI,105
ruminal_MAG_481.fa,106_0,0.050000000000000044,average,fastANI,106
ruminal_MAG_271.fa,107_0,0.050000000000000044,average,fastANI,107
ruminal_MAG_290.fa,108_1,0.050000000000000044,average,fastANI,108
ruminal_MAG_98.fa,108_2,0.050000000000000044,average,fastANI,108
ruminal_MAG_28.fa,108_3,0.050000000000000044,average,fastANI,108
ruminal_MAG_9.fa,109_0,0.050000000000000044,average,fastANI,109
ruminal_MAG_200.fa,110_0,0.050000000000000044,average,fastANI,110
ruminal_MAG_493.fa,111_0,0.050000000000000044,average,fastANI,111
fecal_MAG_477.fa,112_0,0.050000000000000044,average,fastANI,112
ruminal_MAG_302.fa,113_0,0.050000000000000044,average,fastANI,113
ruminal_MAG_398.fa,114_0,0.050000000000000044,average,fastANI,114
fecal_MAG_430.fa,115_0,0.050000000000000044,average,fastANI,115
ruminal_MAG_11.fa,116_0,0.050000000000000044,average,fastANI,116
ruminal_MAG_403.fa,117_0,0.050000000000000044,average,fastANI,117
ruminal_MAG_92.fa,118_0,0.050000000000000044,average,fastANI,118
fecal_MAG_253.fa,119_0,0.050000000000000044,average,fastANI,119
fecal_MAG_347.fa,120_0,0.050000000000000044,average,fastANI,120
fecal_MAG_104.fa,121_1,0.050000000000000044,average,fastANI,121
fecal_MAG_14.fa,121_1,0.050000000000000044,average,fastANI,121
fecal_MAG_230.fa,121_2,0.050000000000000044,average,fastANI,121
fecal_MAG_291.fa,121_2,0.050000000000000044,average,fastANI,121
fecal_MAG_89.fa,122_0,0.050000000000000044,average,fastANI,122
fecal_MAG_413.fa,123_0,0.050000000000000044,average,fastANI,123
fecal_MAG_300.fa,124_0,0.050000000000000044,average,fastANI,124
fecal_MAG_410.fa,125_0,0.050000000000000044,average,fastANI,125
fecal_MAG_358.fa,126_0,0.050000000000000044,average,fastANI,126
fecal_MAG_144.fa,127_1,0.050000000000000044,average,fastANI,127
ruminal_MAG_195.fa,127_1,0.050000000000000044,average,fastANI,127
fecal_MAG_102.fa,128_1,0.050000000000000044,average,fastANI,128
fecal_MAG_481.fa,128_1,0.050000000000000044,average,fastANI,128
fecal_MAG_464.fa,129_0,0.050000000000000044,average,fastANI,129
ruminal_MAG_486.fa,130_0,0.050000000000000044,average,fastANI,130
fecal_MAG_148.fa,131_1,0.050000000000000044,average,fastANI,131
fecal_MAG_452.fa,131_1,0.050000000000000044,average,fastANI,131
fecal_MAG_467.fa,132_0,0.050000000000000044,average,fastANI,132
ruminal_MAG_233.fa,133_0,0.050000000000000044,average,fastANI,133
ruminal_MAG_321.fa,134_1,0.050000000000000044,average,fastANI,134
ruminal_MAG_439.fa,134_1,0.050000000000000044,average,fastANI,134
ruminal_MAG_117.fa,134_2,0.050000000000000044,average,fastANI,134
ruminal_MAG_256.fa,134_2,0.050000000000000044,average,fastANI,134
ruminal_MAG_151.fa,134_3,0.050000000000000044,average,fastANI,134
ruminal_MAG_46.fa,134_3,0.050000000000000044,average,fastANI,134
ruminal_MAG_8.fa,134_3,0.050000000000000044,average,fastANI,134
ruminal_MAG_39.fa,134_4,0.050000000000000044,average,fastANI,134
ruminal_MAG_312.fa,135_1,0.050000000000000044,average,fastANI,135
ruminal_MAG_430.fa,135_2,0.050000000000000044,average,fastANI,135
ruminal_MAG_193.fa,136_1,0.050000000000000044,average,fastANI,136
ruminal_MAG_32.fa,136_2,0.050000000000000044,average,fastANI,136
fecal_MAG_417.fa,137_0,0.050000000000000044,average,fastANI,137
ruminal_MAG_243.fa,138_0,0.050000000000000044,average,fastANI,138
ruminal_MAG_341.fa,139_0,0.050000000000000044,average,fastANI,139
ruminal_MAG_259.fa,140_1,0.050000000000000044,average,fastANI,140
ruminal_MAG_7.fa,140_1,0.050000000000000044,average,fastANI,140
ruminal_MAG_229.fa,141_1,0.050000000000000044,average,fastANI,141
ruminal_MAG_384.fa,141_1,0.050000000000000044,average,fastANI,141
ruminal_MAG_404.fa,141_1,0.050000000000000044,average,fastANI,141
fecal_MAG_189.fa,142_1,0.050000000000000044,average,fastANI,142
fecal_MAG_455.fa,142_1,0.050000000000000044,average,fastANI,142
ruminal_MAG_13.fa,143_0,0.050000000000000044,average,fastANI,143
ruminal_MAG_436.fa,144_0,0.050000000000000044,average,fastANI,144
ruminal_MAG_495.fa,145_0,0.050000000000000044,average,fastANI,145
fecal_MAG_172.fa,146_1,0.050000000000000044,average,fastANI,146
fecal_MAG_81.fa,146_1,0.050000000000000044,average,fastANI,146
ruminal_MAG_292.fa,147_0,0.050000000000000044,average,fastANI,147
ruminal_MAG_359.fa,148_0,0.050000000000000044,average,fastANI,148
ruminal_MAG_477.fa,149_0,0.050000000000000044,average,fastANI,149
ruminal_MAG_141.fa,150_1,0.050000000000000044,average,fastANI,150
ruminal_MAG_95.fa,150_2,0.050000000000000044,average,fastANI,150
ruminal_MAG_197.fa,150_3,0.050000000000000044,average,fastANI,150
ruminal_MAG_365.fa,151_0,0.050000000000000044,average,fastANI,151
ruminal_MAG_441.fa,152_0,0.050000000000000044,average,fastANI,152
ruminal_MAG_485.fa,153_0,0.050000000000000044,average,fastANI,153
ruminal_MAG_10.fa,154_1,0.050000000000000044,average,fastANI,154
ruminal_MAG_42.fa,154_1,0.050000000000000044,average,fastANI,154
ruminal_MAG_454.fa,155_1,0.050000000000000044,average,fastANI,155
ruminal_MAG_68.fa,155_1,0.050000000000000044,average,fastANI,155
ruminal_MAG_158.fa,156_0,0.050000000000000044,average,fastANI,156
ruminal_MAG_390.fa,157_0,0.050000000000000044,average,fastANI,157
ruminal_MAG_119.fa,158_1,0.050000000000000044,average,fastANI,158
ruminal_MAG_14.fa,158_1,0.050000000000000044,average,fastANI,158
ruminal_MAG_194.fa,158_1,0.050000000000000044,average,fastANI,158
ruminal_MAG_252.fa,158_1,0.050000000000000044,average,fastANI,158
ruminal_MAG_280.fa,158_1,0.050000000000000044,average,fastANI,158
ruminal_MAG_452.fa,159_0,0.050000000000000044,average,fastANI,159
ruminal_MAG_257.fa,160_0,0.050000000000000044,average,fastANI,160
ruminal_MAG_82.fa,161_0,0.050000000000000044,average,fastANI,161
ruminal_MAG_56.fa,162_0,0.050000000000000044,average,fastANI,162
ruminal_MAG_383.fa,163_0,0.050000000000000044,average,fastANI,163
ruminal_MAG_470.fa,164_0,0.050000000000000044,average,fastANI,164
ruminal_MAG_399.fa,165_0,0.050000000000000044,average,fastANI,165
ruminal_MAG_255.fa,166_1,0.050000000000000044,average,fastANI,166
ruminal_MAG_310.fa,166_1,0.050000000000000044,average,fastANI,166
ruminal_MAG_326.fa,166_1,0.050000000000000044,average,fastANI,166
ruminal_MAG_50.fa,166_1,0.050000000000000044,average,fastANI,166
ruminal_MAG_79.fa,166_1,0.050000000000000044,average,fastANI,166
ruminal_MAG_349.fa,167_0,0.050000000000000044,average,fastANI,167
ruminal_MAG_460.fa,168_0,0.050000000000000044,average,fastANI,168
ruminal_MAG_362.fa,169_0,0.050000000000000044,average,fastANI,169
ruminal_MAG_353.fa,170_0,0.050000000000000044,average,fastANI,170
fecal_MAG_113.fa,171_1,0.050000000000000044,average,fastANI,171
fecal_MAG_228.fa,171_1,0.050000000000000044,average,fastANI,171
fecal_MAG_173.fa,172_0,0.050000000000000044,average,fastANI,172
fecal_MAG_128.fa,173_0,0.050000000000000044,average,fastANI,173
fecal_MAG_176.fa,174_0,0.050000000000000044,average,fastANI,174
fecal_MAG_299.fa,175_1,0.050000000000000044,average,fastANI,175
fecal_MAG_7.fa,175_1,0.050000000000000044,average,fastANI,175
fecal_MAG_152.fa,176_0,0.050000000000000044,average,fastANI,176
fecal_MAG_204.fa,177_0,0.050000000000000044,average,fastANI,177
fecal_MAG_276.fa,178_0,0.050000000000000044,average,fastANI,178
fecal_MAG_284.fa,179_0,0.050000000000000044,average,fastANI,179
fecal_MAG_250.fa,180_0,0.050000000000000044,average,fastANI,180
fecal_MAG_411.fa,181_0,0.050000000000000044,average,fastANI,181
fecal_MAG_85.fa,182_0,0.050000000000000044,average,fastANI,182
fecal_MAG_184.fa,183_1,0.050000000000000044,average,fastANI,183
fecal_MAG_223.fa,183_1,0.050000000000000044,average,fastANI,183
fecal_MAG_356.fa,183_1,0.050000000000000044,average,fastANI,183
fecal_MAG_149.fa,184_1,0.050000000000000044,average,fastANI,184
fecal_MAG_164.fa,184_1,0.050000000000000044,average,fastANI,184
fecal_MAG_198.fa,184_1,0.050000000000000044,average,fastANI,184
fecal_MAG_242.fa,184_1,0.050000000000000044,average,fastANI,184
fecal_MAG_254.fa,184_1,0.050000000000000044,average,fastANI,184
fecal_MAG_304.fa,184_1,0.050000000000000044,average,fastANI,184
fecal_MAG_344.fa,184_1,0.050000000000000044,average,fastANI,184
fecal_MAG_349.fa,184_1,0.050000000000000044,average,fastANI,184
fecal_MAG_35.fa,184_1,0.050000000000000044,average,fastANI,184
fecal_MAG_387.fa,184_1,0.050000000000000044,average,fastANI,184
fecal_MAG_66.fa,184_1,0.050000000000000044,average,fastANI,184
fecal_MAG_222.fa,185_0,0.050000000000000044,average,fastANI,185
fecal_MAG_19.fa,186_0,0.050000000000000044,average,fastANI,186
fecal_MAG_314.fa,187_0,0.050000000000000044,average,fastANI,187
fecal_MAG_236.fa,188_0,0.050000000000000044,average,fastANI,188
fecal_MAG_402.fa,189_0,0.050000000000000044,average,fastANI,189
fecal_MAG_456.fa,190_0,0.050000000000000044,average,fastANI,190
fecal_MAG_8.fa,191_0,0.050000000000000044,average,fastANI,191
fecal_MAG_154.fa,192_1,0.050000000000000044,average,fastANI,192
fecal_MAG_354.fa,192_2,0.050000000000000044,average,fastANI,192
fecal_MAG_192.fa,193_0,0.050000000000000044,average,fastANI,193
fecal_MAG_209.fa,194_1,0.050000000000000044,average,fastANI,194
fecal_MAG_363.fa,194_1,0.050000000000000044,average,fastANI,194
fecal_MAG_224.fa,195_0,0.050000000000000044,average,fastANI,195
fecal_MAG_405.fa,196_0,0.050000000000000044,average,fastANI,196
fecal_MAG_161.fa,197_0,0.050000000000000044,average,fastANI,197
fecal_MAG_61.fa,198_0,0.050000000000000044,average,fastANI,198
ruminal_MAG_121.fa,199_1,0.050000000000000044,average,fastANI,199
ruminal_MAG_228.fa,199_1,0.050000000000000044,average,fastANI,199
ruminal_MAG_311.fa,199_1,0.050000000000000044,average,fastANI,199
ruminal_MAG_327.fa,199_1,0.050000000000000044,average,fastANI,199
ruminal_MAG_411.fa,200_0,0.050000000000000044,average,fastANI,200
ruminal_MAG_421.fa,201_0,0.050000000000000044,average,fastANI,201
fecal_MAG_283.fa,202_0,0.050000000000000044,average,fastANI,202
ruminal_MAG_157.fa,203_0,0.050000000000000044,average,fastANI,203
ruminal_MAG_438.fa,204_0,0.050000000000000044,average,fastANI,204
ruminal_MAG_443.fa,205_0,0.050000000000000044,average,fastANI,205
fecal_MAG_17.fa,206_1,0.050000000000000044,average,fastANI,206
fecal_MAG_406.fa,206_1,0.050000000000000044,average,fastANI,206
fecal_MAG_408.fa,207_0,0.050000000000000044,average,fastANI,207
ruminal_MAG_209.fa,208_1,0.050000000000000044,average,fastANI,208
ruminal_MAG_93.fa,208_1,0.050000000000000044,average,fastANI,208
ruminal_MAG_120.fa,209_1,0.050000000000000044,average,fastANI,209
ruminal_MAG_217.fa,209_1,0.050000000000000044,average,fastANI,209
ruminal_MAG_262.fa,209_1,0.050000000000000044,average,fastANI,209
ruminal_MAG_476.fa,210_0,0.050000000000000044,average,fastANI,210
fecal_MAG_214.fa,211_1,0.050000000000000044,average,fastANI,211
fecal_MAG_37.fa,211_2,0.050000000000000044,average,fastANI,211
fecal_MAG_194.fa,212_0,0.050000000000000044,average,fastANI,212
fecal_MAG_115.fa,213_1,0.050000000000000044,average,fastANI,213
fecal_MAG_286.fa,213_1,0.050000000000000044,average,fastANI,213
fecal_MAG_285.fa,214_0,0.050000000000000044,average,fastANI,214
fecal_MAG_482.fa,215_0,0.050000000000000044,average,fastANI,215
ruminal_MAG_450.fa,216_0,0.050000000000000044,average,fastANI,216
fecal_MAG_131.fa,217_1,0.050000000000000044,average,fastANI,217
fecal_MAG_388.fa,217_1,0.050000000000000044,average,fastANI,217
fecal_MAG_78.fa,217_1,0.050000000000000044,average,fastANI,217
fecal_MAG_132.fa,218_1,0.050000000000000044,average,fastANI,218
fecal_MAG_433.fa,218_1,0.050000000000000044,average,fastANI,218
fecal_MAG_84.fa,218_1,0.050000000000000044,average,fastANI,218
fecal_MAG_25.fa,219_0,0.050000000000000044,average,fastANI,219
fecal_MAG_205.fa,220_0,0.050000000000000044,average,fastANI,220
ruminal_MAG_235.fa,221_1,0.050000000000000044,average,fastANI,221
ruminal_MAG_26.fa,221_1,0.050000000000000044,average,fastANI,221
ruminal_MAG_182.fa,222_1,0.050000000000000044,average,fastANI,222
ruminal_MAG_363.fa,222_2,0.050000000000000044,average,fastANI,222
ruminal_MAG_369.fa,222_3,0.050000000000000044,average,fastANI,222
ruminal_MAG_376.fa,223_0,0.050000000000000044,average,fastANI,223
ruminal_MAG_140.fa,224_1,0.050000000000000044,average,fastANI,224
ruminal_MAG_63.fa,224_1,0.050000000000000044,average,fastANI,224
ruminal_MAG_128.fa,225_0,0.050000000000000044,average,fastANI,225
ruminal_MAG_416.fa,226_0,0.050000000000000044,average,fastANI,226
ruminal_MAG_277.fa,227_0,0.050000000000000044,average,fastANI,227
ruminal_MAG_104.fa,228_0,0.050000000000000044,average,fastANI,228
ruminal_MAG_223.fa,229_0,0.050000000000000044,average,fastANI,229
ruminal_MAG_188.fa,230_0,0.050000000000000044,average,fastANI,230
ruminal_MAG_366.fa,231_0,0.050000000000000044,average,fastANI,231
ruminal_MAG_247.fa,232_0,0.050000000000000044,average,fastANI,232
ruminal_MAG_130.fa,233_0,0.050000000000000044,average,fastANI,233
ruminal_MAG_37.fa,234_0,0.050000000000000044,average,fastANI,234
ruminal_MAG_393.fa,235_0,0.050000000000000044,average,fastANI,235
ruminal_MAG_418.fa,236_0,0.050000000000000044,average,fastANI,236
ruminal_MAG_338.fa,237_0,0.050000000000000044,average,fastANI,237
ruminal_MAG_299.fa,238_0,0.050000000000000044,average,fastANI,238
ruminal_MAG_184.fa,239_0,0.050000000000000044,average,fastANI,239
ruminal_MAG_306.fa,240_1,0.050000000000000044,average,fastANI,240
ruminal_MAG_72.fa,240_1,0.050000000000000044,average,fastANI,240
ruminal_MAG_218.fa,241_0,0.050000000000000044,average,fastANI,241
ruminal_MAG_112.fa,242_1,0.050000000000000044,average,fastANI,242
ruminal_MAG_268.fa,242_1,0.050000000000000044,average,fastANI,242
ruminal_MAG_431.fa,242_1,0.050000000000000044,average,fastANI,242
ruminal_MAG_221.fa,243_1,0.050000000000000044,average,fastANI,243
ruminal_MAG_371.fa,243_1,0.050000000000000044,average,fastANI,243
ruminal_MAG_276.fa,244_0,0.050000000000000044,average,fastANI,244
ruminal_MAG_293.fa,245_0,0.050000000000000044,average,fastANI,245
ruminal_MAG_261.fa,246_1,0.050000000000000044,average,fastANI,246
ruminal_MAG_392.fa,246_1,0.050000000000000044,average,fastANI,246
ruminal_MAG_459.fa,246_1,0.050000000000000044,average,fastANI,246
ruminal_MAG_17.fa,247_1,0.050000000000000044,average,fastANI,247
ruminal_MAG_315.fa,247_1,0.050000000000000044,average,fastANI,247
ruminal_MAG_407.fa,247_1,0.050000000000000044,average,fastANI,247
ruminal_MAG_322.fa,248_1,0.050000000000000044,average,fastANI,248
ruminal_MAG_91.fa,248_1,0.050000000000000044,average,fastANI,248
ruminal_MAG_47.fa,249_0,0.050000000000000044,average,fastANI,249
ruminal_MAG_214.fa,250_0,0.050000000000000044,average,fastANI,250
ruminal_MAG_115.fa,251_0,0.050000000000000044,average,fastANI,251
ruminal_MAG_242.fa,252_0,0.050000000000000044,average,fastANI,252
ruminal_MAG_305.fa,253_1,0.050000000000000044,average,fastANI,253
ruminal_MAG_448.fa,253_1,0.050000000000000044,average,fastANI,253
ruminal_MAG_374.fa,254_0,0.050000000000000044,average,fastANI,254
ruminal_MAG_222.fa,255_0,0.050000000000000044,average,fastANI,255
fecal_MAG_335.fa,256_0,0.050000000000000044,average,fastANI,256
fecal_MAG_462.fa,257_0,0.050000000000000044,average,fastANI,257
fecal_MAG_301.fa,258_0,0.050000000000000044,average,fastANI,258
fecal_MAG_403.fa,259_0,0.050000000000000044,average,fastANI,259
fecal_MAG_264.fa,260_1,0.050000000000000044,average,fastANI,260
fecal_MAG_449.fa,260_1,0.050000000000000044,average,fastANI,260
fecal_MAG_141.fa,261_1,0.050000000000000044,average,fastANI,261
fecal_MAG_156.fa,261_1,0.050000000000000044,average,fastANI,261
fecal_MAG_74.fa,261_1,0.050000000000000044,average,fastANI,261
fecal_MAG_91.fa,262_0,0.050000000000000044,average,fastANI,262
ruminal_MAG_208.fa,263_0,0.050000000000000044,average,fastANI,263
ruminal_MAG_31.fa,264_1,0.050000000000000044,average,fastANI,264
ruminal_MAG_340.fa,264_1,0.050000000000000044,average,fastANI,264
ruminal_MAG_224.fa,265_0,0.050000000000000044,average,fastANI,265
ruminal_MAG_246.fa,266_0,0.050000000000000044,average,fastANI,266
ruminal_MAG_380.fa,267_1,0.050000000000000044,average,fastANI,267
ruminal_MAG_457.fa,267_1,0.050000000000000044,average,fastANI,267
ruminal_MAG_122.fa,268_0,0.050000000000000044,average,fastANI,268
ruminal_MAG_160.fa,269_1,0.050000000000000044,average,fastANI,269
ruminal_MAG_284.fa,269_1,0.050000000000000044,average,fastANI,269
ruminal_MAG_336.fa,269_1,0.050000000000000044,average,fastANI,269
ruminal_MAG_423.fa,269_1,0.050000000000000044,average,fastANI,269
ruminal_MAG_75.fa,269_1,0.050000000000000044,average,fastANI,269
ruminal_MAG_320.fa,270_0,0.050000000000000044,average,fastANI,270
ruminal_MAG_132.fa,271_1,0.050000000000000044,average,fastANI,271
ruminal_MAG_296.fa,271_1,0.050000000000000044,average,fastANI,271
ruminal_MAG_206.fa,272_1,0.050000000000000044,average,fastANI,272
ruminal_MAG_325.fa,272_2,0.050000000000000044,average,fastANI,272
fecal_MAG_262.fa,273_1,0.050000000000000044,average,fastANI,273
fecal_MAG_313.fa,273_1,0.050000000000000044,average,fastANI,273
fecal_MAG_399.fa,273_1,0.050000000000000044,average,fastANI,273
fecal_MAG_265.fa,274_0,0.050000000000000044,average,fastANI,274
fecal_MAG_157.fa,275_1,0.050000000000000044,average,fastANI,275
fecal_MAG_282.fa,275_1,0.050000000000000044,average,fastANI,275
fecal_MAG_235.fa,276_0,0.050000000000000044,average,fastANI,276
fecal_MAG_246.fa,277_0,0.050000000000000044,average,fastANI,277
fecal_MAG_165.fa,278_1,0.050000000000000044,average,fastANI,278
fecal_MAG_241.fa,278_1,0.050000000000000044,average,fastANI,278
fecal_MAG_247.fa,278_1,0.050000000000000044,average,fastANI,278
fecal_MAG_302.fa,278_1,0.050000000000000044,average,fastANI,278
fecal_MAG_311.fa,278_1,0.050000000000000044,average,fastANI,278
fecal_MAG_448.fa,278_1,0.050000000000000044,average,fastANI,278
fecal_MAG_38.fa,279_1,0.050000000000000044,average,fastANI,279
fecal_MAG_420.fa,279_1,0.050000000000000044,average,fastANI,279
fecal_MAG_310.fa,280_1,0.050000000000000044,average,fastANI,280
fecal_MAG_36.fa,280_1,0.050000000000000044,average,fastANI,280
fecal_MAG_88.fa,280_1,0.050000000000000044,average,fastANI,280
fecal_MAG_99.fa,280_2,0.050000000000000044,average,fastANI,280
fecal_MAG_419.fa,281_0,0.050000000000000044,average,fastANI,281
fecal_MAG_308.fa,282_0,0.050000000000000044,average,fastANI,282
fecal_MAG_422.fa,283_0,0.050000000000000044,average,fastANI,283
ruminal_MAG_152.fa,284_1,0.050000000000000044,average,fastANI,284
ruminal_MAG_174.fa,284_1,0.050000000000000044,average,fastANI,284
ruminal_MAG_232.fa,284_1,0.050000000000000044,average,fastANI,284
ruminal_MAG_275.fa,284_1,0.050000000000000044,average,fastANI,284
ruminal_MAG_328.fa,284_1,0.050000000000000044,average,fastANI,284
fecal_MAG_96.fa,285_0,0.050000000000000044,average,fastANI,285
fecal_MAG_202.fa,286_1,0.050000000000000044,average,fastANI,286
fecal_MAG_251.fa,286_1,0.050000000000000044,average,fastANI,286
fecal_MAG_263.fa,286_1,0.050000000000000044,average,fastANI,286
fecal_MAG_268.fa,286_1,0.050000000000000044,average,fastANI,286
fecal_MAG_295.fa,286_1,0.050000000000000044,average,fastANI,286
fecal_MAG_343.fa,286_1,0.050000000000000044,average,fastANI,286
fecal_MAG_352.fa,286_1,0.050000000000000044,average,fastANI,286
fecal_MAG_418.fa,286_1,0.050000000000000044,average,fastANI,286
fecal_MAG_424.fa,286_1,0.050000000000000044,average,fastANI,286
fecal_MAG_119.fa,287_0,0.050000000000000044,average,fastANI,287
fecal_MAG_289.fa,288_0,0.050000000000000044,average,fastANI,288
ruminal_MAG_90.fa,289_0,0.050000000000000044,average,fastANI,289
ruminal_MAG_254.fa,290_0,0.050000000000000044,average,fastANI,290
ruminal_MAG_420.fa,291_0,0.050000000000000044,average,fastANI,291
ruminal_MAG_166.fa,292_0,0.050000000000000044,average,fastANI,292
ruminal_MAG_467.fa,293_0,0.050000000000000044,average,fastANI,293
ruminal_MAG_106.fa,294_0,0.050000000000000044,average,fastANI,294
ruminal_MAG_101.fa,295_1,0.050000000000000044,average,fastANI,295
ruminal_MAG_207.fa,295_1,0.050000000000000044,average,fastANI,295
ruminal_MAG_307.fa,296_0,0.050000000000000044,average,fastANI,296
ruminal_MAG_352.fa,297_0,0.050000000000000044,average,fastANI,297
ruminal_MAG_295.fa,298_1,0.050000000000000044,average,fastANI,298
ruminal_MAG_406.fa,298_1,0.050000000000000044,average,fastANI,298
ruminal_MAG_164.fa,299_0,0.050000000000000044,average,fastANI,299
ruminal_MAG_345.fa,300_0,0.050000000000000044,average,fastANI,300
ruminal_MAG_113.fa,301_0,0.050000000000000044,average,fastANI,301
ruminal_MAG_187.fa,302_0,0.050000000000000044,average,fastANI,302
ruminal_MAG_24.fa,303_0,0.050000000000000044,average,fastANI,303
ruminal_MAG_370.fa,304_0,0.050000000000000044,average,fastANI,304
ruminal_MAG_497.fa,305_0,0.050000000000000044,average,fastANI,305
fecal_MAG_153.fa,306_1,0.050000000000000044,average,fastANI,306
fecal_MAG_275.fa,306_1,0.050000000000000044,average,fastANI,306
fecal_MAG_312.fa,306_1,0.050000000000000044,average,fastANI,306
fecal_MAG_360.fa,306_1,0.050000000000000044,average,fastANI,306
ruminal_MAG_258.fa,307_0,0.050000000000000044,average,fastANI,307
ruminal_MAG_350.fa,308_0,0.050000000000000044,average,fastANI,308
ruminal_MAG_44.fa,309_1,0.050000000000000044,average,fastANI,309
ruminal_MAG_55.fa,309_1,0.050000000000000044,average,fastANI,309
ruminal_MAG_48.fa,310_0,0.050000000000000044,average,fastANI,310
ruminal_MAG_189.fa,311_1,0.050000000000000044,average,fastANI,311
ruminal_MAG_396.fa,311_1,0.050000000000000044,average,fastANI,311
ruminal_MAG_171.fa,312_1,0.050000000000000044,average,fastANI,312
ruminal_MAG_279.fa,312_1,0.050000000000000044,average,fastANI,312
ruminal_MAG_53.fa,313_0,0.050000000000000044,average,fastANI,313
fecal_MAG_259.fa,314_1,0.050000000000000044,average,fastANI,314
fecal_MAG_48.fa,314_1,0.050000000000000044,average,fastANI,314
fecal_MAG_54.fa,315_0,0.050000000000000044,average,fastANI,315
fecal_MAG_72.fa,316_0,0.050000000000000044,average,fastANI,316
fecal_MAG_106.fa,317_0,0.050000000000000044,average,fastANI,317
fecal_MAG_471.fa,318_0,0.050000000000000044,average,fastANI,318
fecal_MAG_476.fa,319_0,0.050000000000000044,average,fastANI,319
fecal_MAG_116.fa,320_0,0.050000000000000044,average,fastANI,320
fecal_MAG_484.fa,321_0,0.050000000000000044,average,fastANI,321
ruminal_MAG_348.fa,322_0,0.050000000000000044,average,fastANI,322
ruminal_MAG_267.fa,323_0,0.050000000000000044,average,fastANI,323
ruminal_MAG_297.fa,324_0,0.050000000000000044,average,fastANI,324
ruminal_MAG_125.fa,325_1,0.050000000000000044,average,fastANI,325
ruminal_MAG_85.fa,325_1,0.050000000000000044,average,fastANI,325
ruminal_MAG_357.fa,326_0,0.050000000000000044,average,fastANI,326
ruminal_MAG_29.fa,327_1,0.050000000000000044,average,fastANI,327
ruminal_MAG_409.fa,327_1,0.050000000000000044,average,fastANI,327
ruminal_MAG_196.fa,328_1,0.050000000000000044,average,fastANI,328
ruminal_MAG_215.fa,328_1,0.050000000000000044,average,fastANI,328
ruminal_MAG_282.fa,329_0,0.050000000000000044,average,fastANI,329
ruminal_MAG_377.fa,330_0,0.050000000000000044,average,fastANI,330
ruminal_MAG_62.fa,331_0,0.050000000000000044,average,fastANI,331
ruminal_MAG_368.fa,332_0,0.050000000000000044,average,fastANI,332
ruminal_MAG_419.fa,333_0,0.050000000000000044,average,fastANI,333
ruminal_MAG_298.fa,334_0,0.050000000000000044,average,fastANI,334
ruminal_MAG_433.fa,335_0,0.050000000000000044,average,fastANI,335
ruminal_MAG_203.fa,336_1,0.050000000000000044,average,fastANI,336
ruminal_MAG_360.fa,336_1,0.050000000000000044,average,fastANI,336
ruminal_MAG_73.fa,336_1,0.050000000000000044,average,fastANI,336
ruminal_MAG_239.fa,337_0,0.050000000000000044,average,fastANI,337
ruminal_MAG_412.fa,338_0,0.050000000000000044,average,fastANI,338
ruminal_MAG_146.fa,339_0,0.050000000000000044,average,fastANI,339
ruminal_MAG_105.fa,340_0,0.050000000000000044,average,fastANI,340
ruminal_MAG_354.fa,341_0,0.050000000000000044,average,fastANI,341
ruminal_MAG_251.fa,342_0,0.050000000000000044,average,fastANI,342
ruminal_MAG_425.fa,343_0,0.050000000000000044,average,fastANI,343
ruminal_MAG_483.fa,344_0,0.050000000000000044,average,fastANI,344
fecal_MAG_136.fa,345_0,0.050000000000000044,average,fastANI,345
fecal_MAG_375.fa,346_0,0.050000000000000044,average,fastANI,346
fecal_MAG_431.fa,347_0,0.050000000000000044,average,fastANI,347
fecal_MAG_376.fa,348_0,0.050000000000000044,average,fastANI,348
fecal_MAG_435.fa,349_0,0.050000000000000044,average,fastANI,349
fecal_MAG_377.fa,350_0,0.050000000000000044,average,fastANI,350
ruminal_MAG_482.fa,351_0,0.050000000000000044,average,fastANI,351
ruminal_MAG_484.fa,352_0,0.050000000000000044,average,fastANI,352
fecal_MAG_123.fa,353_1,0.050000000000000044,average,fastANI,353
fecal_MAG_244.fa,353_1,0.050000000000000044,average,fastANI,353
fecal_MAG_273.fa,353_1,0.050000000000000044,average,fastANI,353
fecal_MAG_437.fa,353_1,0.050000000000000044,average,fastANI,353
fecal_MAG_114.fa,354_0,0.050000000000000044,average,fastANI,354
fecal_MAG_147.fa,355_0,0.050000000000000044,average,fastANI,355
fecal_MAG_15.fa,356_0,0.050000000000000044,average,fastANI,356
fecal_MAG_159.fa,357_0,0.050000000000000044,average,fastANI,357
fecal_MAG_169.fa,358_0,0.050000000000000044,average,fastANI,358
fecal_MAG_372.fa,359_1,0.050000000000000044,average,fastANI,359
fecal_MAG_65.fa,359_1,0.050000000000000044,average,fastANI,359
fecal_MAG_197.fa,360_1,0.050000000000000044,average,fastANI,360
fecal_MAG_350.fa,360_1,0.050000000000000044,average,fastANI,360
fecal_MAG_415.fa,360_1,0.050000000000000044,average,fastANI,360
fecal_MAG_94.fa,360_1,0.050000000000000044,average,fastANI,360
fecal_MAG_179.fa,360_2,0.050000000000000044,average,fastANI,360
fecal_MAG_32.fa,360_2,0.050000000000000044,average,fastANI,360
fecal_MAG_322.fa,360_2,0.050000000000000044,average,fastANI,360
fecal_MAG_334.fa,360_2,0.050000000000000044,average,fastANI,360
fecal_MAG_394.fa,360_2,0.050000000000000044,average,fastANI,360
fecal_MAG_457.fa,360_2,0.050000000000000044,average,fastANI,360
fecal_MAG_62.fa,360_2,0.050000000000000044,average,fastANI,360
fecal_MAG_125.fa,361_1,0.050000000000000044,average,fastANI,361
fecal_MAG_288.fa,361_1,0.050000000000000044,average,fastANI,361
fecal_MAG_379.fa,362_0,0.050000000000000044,average,fastANI,362
fecal_MAG_245.fa,363_0,0.050000000000000044,average,fastANI,363
fecal_MAG_86.fa,364_0,0.050000000000000044,average,fastANI,364
fecal_MAG_195.fa,365_0,0.050000000000000044,average,fastANI,365
fecal_MAG_393.fa,366_0,0.050000000000000044,average,fastANI,366
ruminal_MAG_150.fa,367_1,0.050000000000000044,average,fastANI,367
ruminal_MAG_291.fa,367_1,0.050000000000000044,average,fastANI,367
fecal_MAG_367.fa,368_0,0.050000000000000044,average,fastANI,368
fecal_MAG_392.fa,369_0,0.050000000000000044,average,fastANI,369
fecal_MAG_364.fa,370_0,0.050000000000000044,average,fastANI,370
fecal_MAG_118.fa,371_1,0.050000000000000044,average,fastANI,371
fecal_MAG_12.fa,371_1,0.050000000000000044,average,fastANI,371
fecal_MAG_140.fa,371_1,0.050000000000000044,average,fastANI,371
fecal_MAG_203.fa,371_1,0.050000000000000044,average,fastANI,371
fecal_MAG_238.fa,371_1,0.050000000000000044,average,fastANI,371
fecal_MAG_306.fa,371_1,0.050000000000000044,average,fastANI,371
fecal_MAG_315.fa,371_1,0.050000000000000044,average,fastANI,371
fecal_MAG_366.fa,371_1,0.050000000000000044,average,fastANI,371
fecal_MAG_390.fa,371_1,0.050000000000000044,average,fastANI,371
fecal_MAG_42.fa,371_1,0.050000000000000044,average,fastANI,371
fecal_MAG_57.fa,371_1,0.050000000000000044,average,fastANI,371
fecal_MAG_6.fa,371_1,0.050000000000000044,average,fastANI,371
ruminal_MAG_127.fa,372_1,0.050000000000000044,average,fastANI,372
ruminal_MAG_238.fa,372_1,0.050000000000000044,average,fastANI,372
ruminal_MAG_339.fa,372_1,0.050000000000000044,average,fastANI,372
ruminal_MAG_204.fa,372_2,0.050000000000000044,average,fastANI,372
ruminal_MAG_304.fa,372_2,0.050000000000000044,average,fastANI,372
ruminal_MAG_41.fa,372_2,0.050000000000000044,average,fastANI,372
ruminal_MAG_99.fa,372_2,0.050000000000000044,average,fastANI,372
ruminal_MAG_294.fa,373_0,0.050000000000000044,average,fastANI,373
ruminal_MAG_346.fa,374_1,0.050000000000000044,average,fastANI,374
ruminal_MAG_67.fa,374_2,0.050000000000000044,average,fastANI,374
ruminal_MAG_424.fa,375_0,0.050000000000000044,average,fastANI,375
ruminal_MAG_129.fa,376_1,0.050000000000000044,average,fastANI,376
ruminal_MAG_69.fa,376_2,0.050000000000000044,average,fastANI,376
ruminal_MAG_281.fa,377_0,0.050000000000000044,average,fastANI,377
ruminal_MAG_139.fa,378_1,0.050000000000000044,average,fastANI,378
ruminal_MAG_283.fa,378_2,0.050000000000000044,average,fastANI,378
ruminal_MAG_176.fa,379_0,0.050000000000000044,average,fastANI,379
fecal_MAG_338.fa,380_1,0.050000000000000044,average,fastANI,380
ruminal_MAG_21.fa,380_1,0.050000000000000044,average,fastANI,380
ruminal_MAG_142.fa,381_0,0.050000000000000044,average,fastANI,381
ruminal_MAG_287.fa,382_0,0.050000000000000044,average,fastANI,382
fecal_MAG_133.fa,383_0,0.050000000000000044,average,fastANI,383
fecal_MAG_56.fa,384_0,0.050000000000000044,average,fastANI,384
fecal_MAG_365.fa,385_0,0.050000000000000044,average,fastANI,385
fecal_MAG_426.fa,386_0,0.050000000000000044,average,fastANI,386
fecal_MAG_332.fa,387_0,0.050000000000000044,average,fastANI,387
fecal_MAG_465.fa,388_0,0.050000000000000044,average,fastANI,388
fecal_MAG_129.fa,389_0,0.050000000000000044,average,fastANI,389
fecal_MAG_412.fa,390_0,0.050000000000000044,average,fastANI,390
fecal_MAG_177.fa,391_0,0.050000000000000044,average,fastANI,391
fecal_MAG_294.fa,392_0,0.050000000000000044,average,fastANI,392
fecal_MAG_79.fa,393_0,0.050000000000000044,average,fastANI,393
fecal_MAG_101.fa,394_1,0.050000000000000044,average,fastANI,394
fecal_MAG_13.fa,394_1,0.050000000000000044,average,fastANI,394
fecal_MAG_52.fa,394_1,0.050000000000000044,average,fastANI,394
fecal_MAG_480.fa,395_0,0.050000000000000044,average,fastANI,395
ruminal_MAG_74.fa,396_0,0.050000000000000044,average,fastANI,396
fecal_MAG_333.fa,397_1,0.050000000000000044,average,fastANI,397
ruminal_MAG_199.fa,397_2,0.050000000000000044,average,fastANI,397
ruminal_MAG_22.fa,398_0,0.050000000000000044,average,fastANI,398
fecal_MAG_270.fa,399_1,0.050000000000000044,average,fastANI,399
ruminal_MAG_361.fa,399_1,0.050000000000000044,average,fastANI,399
ruminal_MAG_385.fa,399_1,0.050000000000000044,average,fastANI,399
fecal_MAG_409.fa,400_0,0.050000000000000044,average,fastANI,400
fecal_MAG_100.fa,401_1,0.050000000000000044,average,fastANI,401
ruminal_MAG_178.fa,401_1,0.050000000000000044,average,fastANI,401
ruminal_MAG_134.fa,402_1,0.050000000000000044,average,fastANI,402
ruminal_MAG_33.fa,402_1,0.050000000000000044,average,fastANI,402
fecal_MAG_59.fa,403_0,0.050000000000000044,average,fastANI,403
fecal_MAG_342.fa,404_1,0.050000000000000044,average,fastANI,404
ruminal_MAG_76.fa,404_1,0.050000000000000044,average,fastANI,404
fecal_MAG_68.fa,405_0,0.050000000000000044,average,fastANI,405
ruminal_MAG_410.fa,406_0,0.050000000000000044,average,fastANI,406
fecal_MAG_108.fa,407_1,0.050000000000000044,average,fastANI,407
fecal_MAG_339.fa,407_1,0.050000000000000044,average,fastANI,407
fecal_MAG_77.fa,407_1,0.050000000000000044,average,fastANI,407
ruminal_MAG_211.fa,407_1,0.050000000000000044,average,fastANI,407
ruminal_MAG_414.fa,407_1,0.050000000000000044,average,fastANI,407
ruminal_MAG_102.fa,408_1,0.050000000000000044,average,fastANI,408
ruminal_MAG_186.fa,408_1,0.050000000000000044,average,fastANI,408
ruminal_MAG_177.fa,409_0,0.050000000000000044,average,fastANI,409
ruminal_MAG_154.fa,410_1,0.050000000000000044,average,fastANI,410
ruminal_MAG_213.fa,410_2,0.050000000000000044,average,fastANI,410
ruminal_MAG_245.fa,411_0,0.050000000000000044,average,fastANI,411
fecal_MAG_206.fa,412_1,0.050000000000000044,average,fastANI,412
fecal_MAG_87.fa,412_1,0.050000000000000044,average,fastANI,412
fecal_MAG_485.fa,413_0,0.050000000000000044,average,fastANI,413
fecal_MAG_43.fa,414_0,0.050000000000000044,average,fastANI,414
fecal_MAG_53.fa,415_1,0.050000000000000044,average,fastANI,415
fecal_MAG_98.fa,415_1,0.050000000000000044,average,fastANI,415
fecal_MAG_112.fa,416_1,0.050000000000000044,average,fastANI,416
fecal_MAG_272.fa,416_1,0.050000000000000044,average,fastANI,416
fecal_MAG_41.fa,416_1,0.050000000000000044,average,fastANI,416
fecal_MAG_49.fa,417_1,0.050000000000000044,average,fastANI,417
fecal_MAG_70.fa,417_1,0.050000000000000044,average,fastANI,417
fecal_MAG_97.fa,417_1,0.050000000000000044,average,fastANI,417
fecal_MAG_180.fa,418_0,0.050000000000000044,average,fastANI,418
fecal_MAG_46.fa,419_0,0.050000000000000044,average,fastANI,419
fecal_MAG_290.fa,420_0,0.050000000000000044,average,fastANI,420
fecal_MAG_171.fa,421_1,0.050000000000000044,average,fastANI,421
fecal_MAG_220.fa,421_1,0.050000000000000044,average,fastANI,421
fecal_MAG_351.fa,421_1,0.050000000000000044,average,fastANI,421
fecal_MAG_427.fa,421_1,0.050000000000000044,average,fastANI,421
fecal_MAG_186.fa,421_2,0.050000000000000044,average,fastANI,421
fecal_MAG_24.fa,421_2,0.050000000000000044,average,fastANI,421
fecal_MAG_434.fa,421_2,0.050000000000000044,average,fastANI,421
fecal_MAG_182.fa,422_0,0.050000000000000044,average,fastANI,422
fecal_MAG_170.fa,423_1,0.050000000000000044,average,fastANI,423
fecal_MAG_82.fa,423_1,0.050000000000000044,average,fastANI,423
ruminal_MAG_479.fa,424_0,0.050000000000000044,average,fastANI,424
fecal_MAG_143.fa,425_1,0.050000000000000044,average,fastANI,425
fecal_MAG_217.fa,425_1,0.050000000000000044,average,fastANI,425
fecal_MAG_105.fa,425_2,0.050000000000000044,average,fastANI,425
fecal_MAG_261.fa,425_2,0.050000000000000044,average,fastANI,425
fecal_MAG_292.fa,425_2,0.050000000000000044,average,fastANI,425
fecal_MAG_380.fa,425_2,0.050000000000000044,average,fastANI,425
fecal_MAG_325.fa,426_0,0.050000000000000044,average,fastANI,426
fecal_MAG_196.fa,427_0,0.050000000000000044,average,fastANI,427
fecal_MAG_370.fa,428_0,0.050000000000000044,average,fastANI,428
fecal_MAG_117.fa,429_1,0.050000000000000044,average,fastANI,429
fecal_MAG_404.fa,429_1,0.050000000000000044,average,fastANI,429
fecal_MAG_11.fa,430_1,0.050000000000000044,average,fastANI,430
fecal_MAG_297.fa,430_2,0.050000000000000044,average,fastANI,430
ruminal_MAG_488.fa,431_0,0.050000000000000044,average,fastANI,431
fecal_MAG_166.fa,432_0,0.050000000000000044,average,fastANI,432
fecal_MAG_381.fa,433_0,0.050000000000000044,average,fastANI,433
fecal_MAG_486.fa,434_0,0.050000000000000044,average,fastANI,434
fecal_MAG_389.fa,435_0,0.050000000000000044,average,fastANI,435
fecal_MAG_45.fa,436_0,0.050000000000000044,average,fastANI,436
fecal_MAG_145.fa,437_1,0.050000000000000044,average,fastANI,437
fecal_MAG_318.fa,437_2,0.050000000000000044,average,fastANI,437
fecal_MAG_185.fa,438_0,0.050000000000000044,average,fastANI,438
fecal_MAG_423.fa,439_0,0.050000000000000044,average,fastANI,439
fecal_MAG_307.fa,440_0,0.050000000000000044,average,fastANI,440
fecal_MAG_395.fa,441_0,0.050000000000000044,average,fastANI,441
fecal_MAG_231.fa,442_1,0.050000000000000044,average,fastANI,442
fecal_MAG_321.fa,442_1,0.050000000000000044,average,fastANI,442
fecal_MAG_183.fa,443_0,0.050000000000000044,average,fastANI,443
fecal_MAG_326.fa,444_1,0.050000000000000044,average,fastANI,444
fecal_MAG_451.fa,444_1,0.050000000000000044,average,fastANI,444
fecal_MAG_73.fa,445_0,0.050000000000000044,average,fastANI,445
fecal_MAG_27.fa,446_0,0.050000000000000044,average,fastANI,446
fecal_MAG_175.fa,447_1,0.050000000000000044,average,fastANI,447
fecal_MAG_215.fa,447_1,0.050000000000000044,average,fastANI,447
fecal_MAG_83.fa,447_1,0.050000000000000044,average,fastANI,447
fecal_MAG_134.fa,448_0,0.050000000000000044,average,fastANI,448
fecal_MAG_346.fa,449_0,0.050000000000000044,average,fastANI,449
fecal_MAG_18.fa,450_0,0.050000000000000044,average,fastANI,450
fecal_MAG_111.fa,451_0,0.050000000000000044,average,fastANI,451
fecal_MAG_1.fa,452_0,0.050000000000000044,average,fastANI,452
fecal_MAG_401.fa,453_0,0.050000000000000044,average,fastANI,453
fecal_MAG_107.fa,454_1,0.050000000000000044,average,fastANI,454
fecal_MAG_139.fa,454_1,0.050000000000000044,average,fastANI,454
fecal_MAG_193.fa,455_0,0.050000000000000044,average,fastANI,455
fecal_MAG_256.fa,456_0,0.050000000000000044,average,fastANI,456
fecal_MAG_357.fa,457_0,0.050000000000000044,average,fastANI,457
ruminal_MAG_444.fa,458_0,0.050000000000000044,average,fastANI,458
ruminal_MAG_89.fa,459_0,0.050000000000000044,average,fastANI,459
ruminal_MAG_126.fa,460_1,0.050000000000000044,average,fastANI,460
ruminal_MAG_446.fa,460_1,0.050000000000000044,average,fastANI,460
ruminal_MAG_453.fa,460_1,0.050000000000000044,average,fastANI,460
ruminal_MAG_57.fa,460_1,0.050000000000000044,average,fastANI,460
ruminal_MAG_84.fa,460_2,0.050000000000000044,average,fastANI,460
fecal_MAG_120.fa,461_1,0.050000000000000044,average,fastANI,461
fecal_MAG_248.fa,461_1,0.050000000000000044,average,fastANI,461
fecal_MAG_359.fa,461_1,0.050000000000000044,average,fastANI,461
fecal_MAG_369.fa,461_1,0.050000000000000044,average,fastANI,461
fecal_MAG_319.fa,462_0,0.050000000000000044,average,fastANI,462
fecal_MAG_293.fa,463_0,0.050000000000000044,average,fastANI,463
fecal_MAG_414.fa,464_0,0.050000000000000044,average,fastANI,464
ruminal_MAG_367.fa,465_0,0.050000000000000044,average,fastANI,465
ruminal_MAG_137.fa,466_0,0.050000000000000044,average,fastANI,466
ruminal_MAG_382.fa,467_0,0.050000000000000044,average,fastANI,467
fecal_MAG_240.fa,468_0,0.050000000000000044,average,fastANI,468
fecal_MAG_31.fa,469_0,0.050000000000000044,average,fastANI,469
fecal_MAG_211.fa,470_0,0.050000000000000044,average,fastANI,470
fecal_MAG_219.fa,471_0,0.050000000000000044,average,fastANI,471
fecal_MAG_397.fa,472_1,0.050000000000000044,average,fastANI,472
ruminal_MAG_183.fa,472_1,0.050000000000000044,average,fastANI,472
fecal_MAG_237.fa,473_0,0.050000000000000044,average,fastANI,473
fecal_MAG_93.fa,474_0,0.050000000000000044,average,fastANI,474
ruminal_MAG_190.fa,475_0,0.050000000000000044,average,fastANI,475
ruminal_MAG_51.fa,476_0,0.050000000000000044,average,fastANI,476
ruminal_MAG_437.fa,477_0,0.050000000000000044,average,fastANI,477
ruminal_MAG_201.fa,478_0,0.050000000000000044,average,fastANI,478
fecal_MAG_327.fa,479_1,0.050000000000000044,average,fastANI,479
fecal_MAG_69.fa,479_1,0.050000000000000044,average,fastANI,479
fecal_MAG_124.fa,480_0,0.050000000000000044,average,fastANI,480
fecal_MAG_232.fa,481_0,0.050000000000000044,average,fastANI,481
fecal_MAG_58.fa,482_0,0.050000000000000044,average,fastANI,482
fecal_MAG_29.fa,483_0,0.050000000000000044,average,fastANI,483
fecal_MAG_4.fa,484_0,0.050000000000000044,average,fastANI,484
fecal_MAG_296.fa,485_1,0.050000000000000044,average,fastANI,485
fecal_MAG_348.fa,485_2,0.050000000000000044,average,fastANI,485
fecal_MAG_269.fa,486_0,0.050000000000000044,average,fastANI,486
fecal_MAG_142.fa,487_0,0.050000000000000044,average,fastANI,487
fecal_MAG_470.fa,488_0,0.050000000000000044,average,fastANI,488
fecal_MAG_200.fa,489_1,0.050000000000000044,average,fastANI,489
fecal_MAG_28.fa,489_1,0.050000000000000044,average,fastANI,489
fecal_MAG_249.fa,490_1,0.050000000000000044,average,fastANI,490
fecal_MAG_386.fa,490_1,0.050000000000000044,average,fastANI,490
fecal_MAG_33.fa,491_0,0.050000000000000044,average,fastANI,491
fecal_MAG_353.fa,492_0,0.050000000000000044,average,fastANI,492
fecal_MAG_445.fa,493_0,0.050000000000000044,average,fastANI,493
fecal_MAG_210.fa,494_0,0.050000000000000044,average,fastANI,494
fecal_MAG_429.fa,495_0,0.050000000000000044,average,fastANI,495
fecal_MAG_109.fa,496_0,0.050000000000000044,average,fastANI,496
fecal_MAG_233.fa,497_0,0.050000000000000044,average,fastANI,497
fecal_MAG_10.fa,498_0,0.050000000000000044,average,fastANI,498
fecal_MAG_281.fa,499_0,0.050000000000000044,average,fastANI,499
ruminal_MAG_469.fa,500_0,0.050000000000000044,average,fastANI,500
ruminal_MAG_333.fa,501_0,0.050000000000000044,average,fastANI,501
ruminal_MAG_391.fa,502_0,0.050000000000000044,average,fastANI,502
fecal_MAG_257.fa,503_1,0.050000000000000044,average,fastANI,503
ruminal_MAG_329.fa,503_1,0.050000000000000044,average,fastANI,503
fecal_MAG_30.fa,503_2,0.050000000000000044,average,fastANI,503
ruminal_MAG_35.fa,503_2,0.050000000000000044,average,fastANI,503
ruminal_MAG_65.fa,503_3,0.050000000000000044,average,fastANI,503
ruminal_MAG_270.fa,504_0,0.050000000000000044,average,fastANI,504
ruminal_MAG_494.fa,505_0,0.050000000000000044,average,fastANI,505
ruminal_MAG_480.fa,506_0,0.050000000000000044,average,fastANI,506
fecal_MAG_44.fa,507_0,0.050000000000000044,average,fastANI,507
ruminal_MAG_487.fa,508_0,0.050000000000000044,average,fastANI,508
ruminal_MAG_40.fa,509_0,0.050000000000000044,average,fastANI,509
fecal_MAG_277.fa,510_1,0.050000000000000044,average,fastANI,510
fecal_MAG_280.fa,510_1,0.050000000000000044,average,fastANI,510
fecal_MAG_75.fa,511_0,0.050000000000000044,average,fastANI,511
fecal_MAG_469.fa,512_0,0.050000000000000044,average,fastANI,512
fecal_MAG_463.fa,513_0,0.050000000000000044,average,fastANI,513
fecal_MAG_271.fa,514_1,0.050000000000000044,average,fastANI,514
fecal_MAG_9.fa,514_1,0.050000000000000044,average,fastANI,514
ruminal_MAG_472.fa,515_0,0.050000000000000044,average,fastANI,515
fecal_MAG_252.fa,516_0,0.050000000000000044,average,fastANI,516
fecal_MAG_373.fa,517_0,0.050000000000000044,average,fastANI,517
fecal_MAG_135.fa,518_0,0.050000000000000044,average,fastANI,518
fecal_MAG_168.fa,519_1,0.050000000000000044,average,fastANI,519
fecal_MAG_39.fa,519_1,0.050000000000000044,average,fastANI,519
fecal_MAG_47.fa,519_1,0.050000000000000044,average,fastANI,519
fecal_MAG_305.fa,520_0,0.050000000000000044,average,fastANI,520
fecal_MAG_64.fa,521_0,0.050000000000000044,average,fastANI,521
ruminal_MAG_379.fa,522_1,0.050000000000000044,average,fastANI,522
ruminal_MAG_80.fa,522_1,0.050000000000000044,average,fastANI,522
ruminal_MAG_231.fa,523_0,0.050000000000000044,average,fastANI,523
ruminal_MAG_408.fa,524_0,0.050000000000000044,average,fastANI,524
ruminal_MAG_286.fa,525_1,0.050000000000000044,average,fastANI,525
ruminal_MAG_427.fa,525_1,0.050000000000000044,average,fastANI,525
ruminal_MAG_466.fa,526_0,0.050000000000000044,average,fastANI,526
ruminal_MAG_77.fa,527_0,0.050000000000000044,average,fastANI,527
ruminal_MAG_355.fa,528_0,0.050000000000000044,average,fastANI,528
ruminal_MAG_3.fa,529_1,0.050000000000000044,average,fastANI,529
ruminal_MAG_319.fa,529_1,0.050000000000000044,average,fastANI,529
ruminal_MAG_20.fa,530_0,0.050000000000000044,average,fastANI,530
ruminal_MAG_212.fa,531_0,0.050000000000000044,average,fastANI,531
ruminal_MAG_156.fa,532_0,0.050000000000000044,average,fastANI,532
ruminal_MAG_220.fa,533_0,0.050000000000000044,average,fastANI,533
fecal_MAG_330.fa,534_1,0.050000000000000044,average,fastANI,534
ruminal_MAG_308.fa,534_1,0.050000000000000044,average,fastANI,534
fecal_MAG_127.fa,535_1,0.050000000000000044,average,fastANI,535
ruminal_MAG_19.fa,535_1,0.050000000000000044,average,fastANI,535
ruminal_MAG_415.fa,536_0,0.050000000000000044,average,fastANI,536
ruminal_MAG_455.fa,537_0,0.050000000000000044,average,fastANI,537
ruminal_MAG_175.fa,538_0,0.050000000000000044,average,fastANI,538
ruminal_MAG_103.fa,539_0,0.050000000000000044,average,fastANI,539
ruminal_MAG_241.fa,540_0,0.050000000000000044,average,fastANI,540
fecal_MAG_208.fa,541_1,0.050000000000000044,average,fastANI,541
fecal_MAG_260.fa,541_1,0.050000000000000044,average,fastANI,541
fecal_MAG_316.fa,541_1,0.050000000000000044,average,fastANI,541
fecal_MAG_368.fa,541_1,0.050000000000000044,average,fastANI,541
fecal_MAG_378.fa,541_1,0.050000000000000044,average,fastANI,541
fecal_MAG_438.fa,541_1,0.050000000000000044,average,fastANI,541
fecal_MAG_458.fa,541_1,0.050000000000000044,average,fastANI,541
fecal_MAG_51.fa,541_1,0.050000000000000044,average,fastANI,541
fecal_MAG_92.fa,541_1,0.050000000000000044,average,fastANI,541
ruminal_MAG_147.fa,541_1,0.050000000000000044,average,fastANI,541
ruminal_MAG_159.fa,541_1,0.050000000000000044,average,fastANI,541
ruminal_MAG_180.fa,541_1,0.050000000000000044,average,fastANI,541
ruminal_MAG_227.fa,541_1,0.050000000000000044,average,fastANI,541
ruminal_MAG_313.fa,541_1,0.050000000000000044,average,fastANI,541
ruminal_MAG_324.fa,541_1,0.050000000000000044,average,fastANI,541
ruminal_MAG_38.fa,541_1,0.050000000000000044,average,fastANI,541
ruminal_MAG_426.fa,542_0,0.050000000000000044,average,fastANI,542
ruminal_MAG_478.fa,543_0,0.050000000000000044,average,fastANI,543
ruminal_MAG_475.fa,544_0,0.050000000000000044,average,fastANI,544
ruminal_MAG_250.fa,545_1,0.050000000000000044,average,fastANI,545
ruminal_MAG_445.fa,545_1,0.050000000000000044,average,fastANI,545
ruminal_MAG_202.fa,546_0,0.050000000000000044,average,fastANI,546
ruminal_MAG_335.fa,547_0,0.050000000000000044,average,fastANI,547
ruminal_MAG_36.fa,548_0,0.050000000000000044,average,fastANI,548
ruminal_MAG_78.fa,549_0,0.050000000000000044,average,fastANI,549
fecal_MAG_126.fa,550_0,0.050000000000000044,average,fastANI,550
fecal_MAG_278.fa,551_0,0.050000000000000044,average,fastANI,551
ruminal_MAG_240.fa,552_1,0.050000000000000044,average,fastANI,552
ruminal_MAG_70.fa,552_2,0.050000000000000044,average,fastANI,552
ruminal_MAG_269.fa,553_0,0.050000000000000044,average,fastANI,553
ruminal_MAG_163.fa,554_1,0.050000000000000044,average,fastANI,554
ruminal_MAG_273.fa,554_1,0.050000000000000044,average,fastANI,554
ruminal_MAG_263.fa,555_0,0.050000000000000044,average,fastANI,555
ruminal_MAG_94.fa,556_0,0.050000000000000044,average,fastANI,556
ruminal_MAG_332.fa,557_0,0.050000000000000044,average,fastANI,557
ruminal_MAG_303.fa,558_0,0.050000000000000044,average,fastANI,558
ruminal_MAG_108.fa,559_0,0.050000000000000044,average,fastANI,559
ruminal_MAG_272.fa,560_0,0.050000000000000044,average,fastANI,560
ruminal_MAG_473.fa,561_0,0.050000000000000044,average,fastANI,561
fecal_MAG_160.fa,562_0,0.050000000000000044,average,fastANI,562
ruminal_MAG_471.fa,563_0,0.050000000000000044,average,fastANI,563
ruminal_MAG_15.fa,564_1,0.050000000000000044,average,fastANI,564
ruminal_MAG_301.fa,564_1,0.050000000000000044,average,fastANI,564
ruminal_MAG_413.fa,564_1,0.050000000000000044,average,fastANI,564
ruminal_MAG_400.fa,564_2,0.050000000000000044,average,fastANI,564
ruminal_MAG_23.fa,565_0,0.050000000000000044,average,fastANI,565
ruminal_MAG_405.fa,566_0,0.050000000000000044,average,fastANI,566
ruminal_MAG_169.fa,567_0,0.050000000000000044,average,fastANI,567
ruminal_MAG_210.fa,568_0,0.050000000000000044,average,fastANI,568
ruminal_MAG_135.fa,569_1,0.050000000000000044,average,fastANI,569
ruminal_MAG_148.fa,569_1,0.050000000000000044,average,fastANI,569
ruminal_MAG_225.fa,570_1,0.050000000000000044,average,fastANI,570
ruminal_MAG_395.fa,570_2,0.050000000000000044,average,fastANI,570
ruminal_MAG_167.fa,571_0,0.050000000000000044,average,fastANI,571
fecal_MAG_212.fa,572_0,0.050000000000000044,average,fastANI,572
ruminal_MAG_110.fa,573_1,0.050000000000000044,average,fastANI,573
ruminal_MAG_300.fa,573_1,0.050000000000000044,average,fastANI,573
ruminal_MAG_462.fa,573_2,0.050000000000000044,average,fastANI,573
ruminal_MAG_429.fa,574_0,0.050000000000000044,average,fastANI,574
ruminal_MAG_288.fa,575_1,0.050000000000000044,average,fastANI,575
ruminal_MAG_401.fa,575_1,0.050000000000000044,average,fastANI,575
ruminal_MAG_289.fa,576_0,0.050000000000000044,average,fastANI,576
ruminal_MAG_342.fa,577_0,0.050000000000000044,average,fastANI,577
ruminal_MAG_2.fa,578_0,0.050000000000000044,average,fastANI,578
ruminal_MAG_456.fa,579_0,0.050000000000000044,average,fastANI,579
ruminal_MAG_432.fa,580_0,0.050000000000000044,average,fastANI,580
ruminal_MAG_266.fa,581_0,0.050000000000000044,average,fastANI,581
ruminal_MAG_388.fa,582_0,0.050000000000000044,average,fastANI,582
ruminal_MAG_1.fa,583_0,0.050000000000000044,average,fastANI,583
ruminal_MAG_107.fa,584_0,0.050000000000000044,average,fastANI,584
ruminal_MAG_49.fa,585_0,0.050000000000000044,average,fastANI,585
ruminal_MAG_111.fa,586_0,0.050000000000000044,average,fastANI,586
ruminal_MAG_161.fa,587_0,0.050000000000000044,average,fastANI,587
fecal_MAG_213.fa,588_0,0.050000000000000044,average,fastANI,588
ruminal_MAG_192.fa,589_1,0.050000000000000044,average,fastANI,589
ruminal_MAG_249.fa,589_1,0.050000000000000044,average,fastANI,589
ruminal_MAG_54.fa,589_1,0.050000000000000044,average,fastANI,589
ruminal_MAG_97.fa,589_1,0.050000000000000044,average,fastANI,589
ruminal_MAG_449.fa,590_0,0.050000000000000044,average,fastANI,590
fecal_MAG_479.fa,591_0,0.050000000000000044,average,fastANI,591
fecal_MAG_483.fa,592_0,0.050000000000000044,average,fastANI,592
ruminal_MAG_260.fa,593_1,0.050000000000000044,average,fastANI,593
ruminal_MAG_43.fa,593_1,0.050000000000000044,average,fastANI,593
ruminal_MAG_60.fa,593_1,0.050000000000000044,average,fastANI,593
ruminal_MAG_264.fa,594_1,0.050000000000000044,average,fastANI,594
ruminal_MAG_81.fa,594_1,0.050000000000000044,average,fastANI,594
ruminal_MAG_155.fa,595_0,0.050000000000000044,average,fastANI,595
fecal_MAG_331.fa,596_1,0.050000000000000044,average,fastANI,596
fecal_MAG_71.fa,596_1,0.050000000000000044,average,fastANI,596
fecal_MAG_21.fa,597_0,0.050000000000000044,average,fastANI,597
fecal_MAG_190.fa,598_0,0.050000000000000044,average,fastANI,598
fecal_MAG_266.fa,599_1,0.050000000000000044,average,fastANI,599
fecal_MAG_340.fa,599_1,0.050000000000000044,average,fastANI,599
fecal_MAG_90.fa,599_1,0.050000000000000044,average,fastANI,599
fecal_MAG_199.fa,600_1,0.050000000000000044,average,fastANI,600
fecal_MAG_432.fa,600_1,0.050000000000000044,average,fastANI,600
fecal_MAG_303.fa,601_0,0.050000000000000044,average,fastANI,601
fecal_MAG_110.fa,602_0,0.050000000000000044,average,fastANI,602
fecal_MAG_201.fa,603_1,0.050000000000000044,average,fastANI,603
fecal_MAG_355.fa,603_1,0.050000000000000044,average,fastANI,603
fecal_MAG_362.fa,603_1,0.050000000000000044,average,fastANI,603
fecal_MAG_450.fa,603_1,0.050000000000000044,average,fastANI,603
fecal_MAG_55.fa,604_0,0.050000000000000044,average,fastANI,604
fecal_MAG_439.fa,605_0,0.050000000000000044,average,fastANI,605
fecal_MAG_371.fa,606_1,0.050000000000000044,average,fastANI,606
fecal_MAG_383.fa,606_1,0.050000000000000044,average,fastANI,606
fecal_MAG_40.fa,607_0,0.050000000000000044,average,fastANI,607
fecal_MAG_226.fa,608_0,0.050000000000000044,average,fastANI,608
ruminal_MAG_489.fa,609_0,0.050000000000000044,average,fastANI,609
ruminal_MAG_170.fa,610_0,0.050000000000000044,average,fastANI,610
ruminal_MAG_61.fa,611_0,0.050000000000000044,average,fastANI,611
fecal_MAG_221.fa,612_0,0.050000000000000044,average,fastANI,612
fecal_MAG_95.fa,613_0,0.050000000000000044,average,fastANI,613
ruminal_MAG_389.fa,614_0,0.050000000000000044,average,fastANI,614
ruminal_MAG_136.fa,615_1,0.050000000000000044,average,fastANI,615
ruminal_MAG_387.fa,615_1,0.050000000000000044,average,fastANI,615
ruminal_MAG_461.fa,616_0,0.050000000000000044,average,fastANI,616
ruminal_MAG_347.fa,617_0,0.050000000000000044,average,fastANI,617
ruminal_MAG_434.fa,618_0,0.050000000000000044,average,fastANI,618
ruminal_MAG_334.fa,619_1,0.050000000000000044,average,fastANI,619
ruminal_MAG_64.fa,619_1,0.050000000000000044,average,fastANI,619
ruminal_MAG_375.fa,620_0,0.050000000000000044,average,fastANI,620
ruminal_MAG_316.fa,621_0,0.050000000000000044,average,fastANI,621
ruminal_MAG_118.fa,622_0,0.050000000000000044,average,fastANI,622
ruminal_MAG_309.fa,623_0,0.050000000000000044,average,fastANI,623
ruminal_MAG_145.fa,624_0,0.050000000000000044,average,fastANI,624
ruminal_MAG_330.fa,625_0,0.050000000000000044,average,fastANI,625
fecal_MAG_26.fa,626_1,0.050000000000000044,average,fastANI,626
ruminal_MAG_402.fa,626_1,0.050000000000000044,average,fastANI,626
ruminal_MAG_124.fa,627_1,0.050000000000000044,average,fastANI,627
ruminal_MAG_451.fa,627_1,0.050000000000000044,average,fastANI,627
ruminal_MAG_491.fa,628_0,0.050000000000000044,average,fastANI,628
fecal_MAG_163.fa,629_0,0.050000000000000044,average,fastANI,629
ruminal_MAG_474.fa,630_0,0.050000000000000044,average,fastANI,630
fecal_MAG_385.fa,631_0,0.050000000000000044,average,fastANI,631
fecal_MAG_442.fa,632_0,0.050000000000000044,average,fastANI,632
fecal_MAG_459.fa,633_0,0.050000000000000044,average,fastANI,633
ruminal_MAG_372.fa,634_0,0.050000000000000044,average,fastANI,634
ruminal_MAG_236.fa,635_0,0.050000000000000044,average,fastANI,635
ruminal_MAG_88.fa,636_0,0.050000000000000044,average,fastANI,636
